penalty_kill_percentage,shooting_pctg,save_pctg,failed_shots_per_game,saves_per_game,missed_playoffs
75.3,10.9,86.3,23.5112625,27.616,1
81.5,14.7,89.9,25.824575,30.015362500000002,0
78.1,12.3,88.0,27.9653375,27.764,0
76.6,11.9,87.3,32.37675,25.01145,0
76.0,11.2,86.6,25.1637,31.479100000000003,1
83.1,14.0,87.5,25.76775,22.903125,0
82.0,13.2,88.0,25.920650000000002,23.616999999999997,0
79.7,12.5,85.7,25.068749999999998,22.0249,0
73.6,12.9,86.3,25.5747375,30.550199999999997,1
86.4,12.2,88.4,27.81065,21.5917,0
78.3,11.3,87.7,27.18655,27.7132,0
75.2,12.8,86.0,25.3752,24.8755,0
74.8,12.1,86.8,26.655675,26.04,0
80.2,12.1,88.1,28.1829375,28.951862499999997,0
79.7,17.1,88.1,27.0564875,29.084012500000004,0
76.4,12.3,86.1,27.340475,25.3241625,0
72.1,12.5,85.2,27.0265625,26.99775,1
76.7,11.1,85.5,26.392187500000002,25.575187500000002,1
82.2,14.3,88.0,25.8706875,28.523,0
80.6,12.4,87.7,26.1048,30.793662499999996,0
79.8,12.9,89.9,29.352700000000002,26.812675,0
76.0,12.3,87.0,24.665625,32.222625,1
79.8,12.6,86.8,26.22,23.620449999999998,0
82.4,12.6,87.5,25.225825,20.7921875,0
79.2,12.8,86.7,26.3344,21.37155,0
73.9,10.9,86.4,25.905825,28.404,1
77.1,12.6,88.4,27.90245,22.8072,0
77.2,12.9,88.7,26.0973375,29.392962500000003,0
73.3,13.8,85.8,24.50235,27.027,0
76.1,12.0,87.9,27.346,26.2051875,0
74.2,13.0,87.9,30.395625,27.4248,0
78.3,15.5,88.7,27.4096875,29.13795,0
70.5,11.4,84.89999999999999,27.609975000000002,28.2398625,1
81.9,13.3,86.6,27.6464625,26.272274999999997,0
74.2,12.9,85.0,25.411425,26.488125,1
78.4,13.9,89.3,25.313399999999998,29.681087499999997,0
77.8,11.0,88.5,28.32425,26.527875,0
82.8,12.3,89.60000000000001,29.927625,25.8832,0
77.0,12.9,87.7,26.325975,27.2856625,1
76.0,12.6,86.8,26.886425,23.685550000000003,0
80.5,12.3,87.8,26.288075000000003,26.241225,1
79.3,14.0,87.1,25.3055,23.6149875,0
77.3,12.4,86.1,27.4407,29.8444125,0
81.0,13.0,87.7,26.361,24.2929,0
77.9,13.5,87.5,28.0584375,30.526562500000004,0
71.0,11.7,84.2,25.1655,27.6597,1
77.2,12.0,88.7,27.665,28.60575,0
76.2,12.8,87.5,30.1385,27.496875,0
81.1,16.1,88.8,27.739437499999998,30.835800000000003,0
78.6,11.9,86.2,26.011525,26.021625,0
71.9,11.7,85.1,26.7549,27.763875,1
73.2,12.4,86.3,25.80915,29.0291625,1
78.0,11.2,87.4,27.5391,24.329974999999997,0
81.1,12.4,87.4,27.0684,27.935225,0
82.2,12.8,90.0,26.3126,27.64125,0
76.1,12.2,87.7,26.62535,25.82765,1
81.5,12.5,88.3,26.3046875,26.1368,0
75.6,11.5,86.8,26.837625,25.22625,1
83.3,12.4,88.9,24.528,24.114125,0
78.0,11.9,87.7,26.540125,28.4476875,0
80.9,12.5,88.2,24.871875,26.04105,0
76.2,11.3,88.6,28.395087500000002,30.01325,0
78.6,12.0,88.1,23.914,25.3838125,0
81.4,12.0,87.6,25.817,25.8858,0
79.8,12.6,88.1,27.6184,26.716325,0
80.0,15.8,88.0,24.807425,26.07,0
75.9,11.9,86.2,26.187725,24.577775,1
73.1,12.9,86.3,26.9247875,26.860875,0
78.4,12.3,86.8,26.26615,24.304,0
77.4,12.7,89.4,26.3755125,28.261575,0
80.6,11.8,88.4,28.014525,26.9399,1
81.0,11.8,88.1,27.36405,26.914550000000002,0
76.4,12.7,87.3,27.3249,27.106650000000002,1
83.5,11.6,88.5,28.65265,24.072,0
78.1,11.8,88.2,26.34975,28.411424999999998,0
83.8,12.4,89.7,26.247149999999998,25.811175,0
77.9,11.3,87.3,26.731962499999998,29.6710875,0
81.0,11.4,88.8,27.255575,24.7086,0
80.2,12.1,88.5,25.7876625,31.572374999999997,0
83.9,14.3,88.9,24.1566875,26.8811375,0
79.3,12.2,87.9,25.077875,26.6446875,0
80.4,14.9,87.1,28.359575000000003,25.825149999999997,0
80.8,15.5,87.8,24.726812499999998,25.9449,0
79.5,11.8,86.9,25.368524999999998,26.4719125,1
77.4,12.9,86.0,26.78325,27.616749999999996,0
75.4,11.3,86.4,27.6744,25.8228,1
73.6,10.9,86.8,27.0529875,26.72355,1
77.0,11.4,87.5,30.135075000000004,26.873437499999998,0
81.5,12.9,88.3,26.0102375,26.97565,0
77.0,15.2,87.8,24.1786,31.344600000000003,0
82.0,11.5,88.0,27.766875,23.54,0
79.0,13.0,87.4,24.273,25.97965,0
82.2,12.8,89.7,26.901200000000003,23.804137500000003,0
72.7,12.0,87.5,23.815,30.001562500000002,1
79.8,12.2,88.2,27.371650000000002,24.2991,0
74.6,11.3,86.7,29.1490375,27.2346375,0
81.5,13.6,87.4,24.786,27.42175,0
76.7,11.8,87.3,25.655175,24.5203875,0
82.8,12.8,89.0,30.2039,22.906375,0
82.8,14.6,87.4,23.751875,26.569599999999998,0
80.8,10.3,88.8,27.3921375,25.1082,0
80.3,14.9,87.6,26.8596875,29.532149999999998,0
80.3,12.0,88.3,27.104,27.119137499999997,0
76.5,11.9,89.3,25.9784875,29.937825,0
78.7,11.7,88.9,26.324437500000002,26.7033375,0
81.0,11.8,88.3,27.2097,28.0794,1
74.7,13.7,86.6,25.027,29.054299999999998,1
83.2,11.1,89.2,29.014737500000003,23.939049999999998,0
83.5,11.8,90.2,26.6364,28.4581,0
80.7,11.6,89.8,27.4924,25.8175,0
78.2,13.8,87.2,26.237125,30.4982,0
80.8,11.7,88.2,26.7217875,25.6221,0
80.2,12.0,86.6,29.04,23.685100000000002,0
75.3,12.7,87.0,24.684075,27.024375,1
80.9,12.6,88.2,25.488025,26.019000000000002,0
79.2,12.7,86.9,29.987550000000002,22.0182875,0
80.3,14.0,87.8,24.209,25.516875,0
74.8,10.6,87.4,25.780725,26.514975,1
76.0,14.2,86.4,25.4397,26.8164,0
79.7,10.9,88.2,27.7880625,24.6519,0
77.9,10.3,88.4,24.3087,27.56975,1
79.8,12.2,89.60000000000001,26.8229,28.560000000000002,0
80.8,11.0,88.4,25.4095,25.3487,1
79.2,14.2,88.8,25.9116,30.2253,0
82.6,11.9,88.2,27.6634,24.696,0
83.2,12.1,88.6,26.479875,26.9344,0
80.8,11.4,89.2,26.413875,25.8234,0
77.5,10.3,87.6,26.2708875,28.17435,1
86.0,10.9,87.8,26.395875,23.179199999999998,0
83.8,11.1,90.5,28.492449999999998,25.045875000000002,0
77.7,11.8,87.3,25.46775,25.6771125,0
83.8,12.2,89.3,27.986250000000002,26.1760625,0
81.7,13.2,88.0,28.253399999999996,24.2,0
79.4,12.3,88.8,24.1942375,26.9508,0
77.6,10.1,86.7,26.947525000000002,25.6957125,0
83.0,14.1,89.5,25.877375,26.98425,0
81.8,11.6,88.7,27.56975,25.390375,0
76.5,13.1,88.6,24.179925,29.12725,1
84.8,12.2,90.3,28.897175,28.7041125,0
80.6,10.8,88.1,25.9126,25.2736875,1
79.9,13.5,87.8,27.485374999999998,27.63505,0
80.2,10.1,88.2,29.9367,25.787475,0
78.5,11.1,88.4,28.892500000000002,28.509,0
81.2,10.9,90.7,27.2089125,25.2486125,0
80.9,9.6,88.2,27.4025,27.45225,1
83.7,13.3,87.9,26.8878375,24.9526125,0
84.2,9.7,88.4,29.866725000000002,22.4094,0
81.4,12.9,88.6,26.979225,24.78585,0
83.5,11.7,90.2,26.2251,30.521425,0
78.1,12.0,87.7,27.192,27.077375,1
78.0,13.3,88.0,24.0267375,27.335,0
80.1,10.7,89.1,29.792712499999997,25.6051125,0
81.8,11.9,88.9,26.6392375,29.5925875,0
78.1,9.4,87.6,26.500500000000002,31.755,1
81.4,11.1,88.1,29.358158200000002,26.2621695,0
79.5,12.9,88.0,27.021729800000003,25.886696,0
81.2,10.9,89.1,29.6363529,30.007632600000004,1
77.4,12.8,88.1,25.9523768,28.0136856,1
83.2,13.5,89.60000000000001,28.0610325,27.5306752,0
83.0,11.5,87.8,30.4798425,22.922033799999998,0
83.5,12.5,88.9,27.8229,28.342209,0
82.0,12.2,88.9,27.8973964,26.6805791,0
82.4,11.3,90.10000000000001,26.937303,26.1718876,0
74.4,9.6,87.0,27.3244848,26.452176,1
82.9,12.0,88.0,28.338112,24.996224,0
83.5,10.3,90.0,28.9069014,24.58926,0
81.2,13.3,88.5,28.538778899999997,25.549065,0
83.7,11.6,90.2,25.6675588,30.496169000000002,0
83.1,12.2,88.6,27.5629662,26.115913199999998,0
77.2,10.3,88.1,25.062628500000002,29.744233899999998,1
78.5,13.0,88.8,27.570735,26.143164,0
78.5,11.8,88.2,29.977504200000002,30.324042000000002,0
81.1,11.5,91.0,27.993435,26.400829,0
81.1,11.2,89.7,26.544895200000003,27.3478257,0
84.6,10.4,90.10000000000001,30.624025600000003,24.970584300000002,0
80.7,12.2,88.2,25.1798108,27.961516800000002,1
82.0,10.9,89.3,28.968102899999998,28.4483903,0
84.7,9.7,88.1,32.0350086,22.1613788,0
84.7,11.9,91.10000000000001,24.8463144,26.7009545,0
82.6,10.8,90.2,27.8325408,27.1996296,0
73.3,9.4,85.7,23.178469800000002,28.321793200000002,1
81.9,11.1,90.5,26.775791,27.516344000000004,0
82.6,10.2,91.7,24.491872400000002,30.654026200000004,1
82.7,8.9,89.1,27.1456136,24.3539703,1
81.6,10.6,87.9,27.735277200000002,22.7283909,0
83.4,10.0,90.2,27.26784,26.394233800000002,0
80.9,11.9,88.1,31.3593712,24.1541127,0
81.2,10.5,90.4,27.382704,31.7045456,0
80.7,11.4,88.9,27.845739599999998,24.458079100000003,0
80.5,10.2,89.5,27.2499896,30.8029465,1
81.7,10.6,87.9,27.9375,23.9109096,0
82.7,9.5,90.4,25.878656,28.1531816,1
84.1,11.2,89.8,27.0417312,27.6776172,0
80.5,10.6,89.4,29.470084200000002,32.4181386,1
78.6,12.0,88.9,22.010472,25.2836045,0
81.2,9.4,90.10000000000001,27.255469800000004,22.862875,0
83.9,9.1,89.4,28.9554678,23.523375,0
80.8,11.4,89.8,24.25425,24.1150716,0
79.9,12.9,90.0,25.4041957,29.587500000000002,0
86.9,9.1,89.1,31.265782200000004,21.680970300000002,0
85.5,10.2,91.8,23.8718034,27.88425,0
80.6,9.1,90.3,26.0580303,28.8207801,1
84.9,8.9,90.5,28.8483637,28.8846135,0
83.2,9.7,90.7,22.4056875,25.8116781,1
84.4,9.4,89.1,24.1600302,24.5953422,1
84.5,9.8,89.9,26.04525,22.3251367,0
84.2,10.8,90.4,26.81575,22.505803200000003,0
86.4,11.5,90.3,28.965342,22.687875000000002,0
80.3,12.6,90.0,25.6919292,25.425,0
85.1,11.2,90.4,26.8435296,26.5173032,0
77.7,9.5,87.5,26.904926,26.778675,1
83.5,9.7,89.60000000000001,29.704907400000003,26.5253632,0
75.7,9.3,89.7,25.433821899999998,29.6384049,1
84.4,8.9,90.3,28.8483637,26.1117801,0
81.0,9.8,89.60000000000001,27.116375,31.136,1
81.2,11.2,89.4,21.312,28.2541548,0
84.6,8.2,90.7,29.521503,24.0355,1
78.3,9.9,88.0,25.3818007,28.192208,1
82.0,10.2,90.4,29.2507336,27.263284000000002,0
85.8,11.1,90.2,27.4289393,23.3529604,0
83.3,13.7,90.0,27.837014300000003,31.170689999999997,0
80.3,9.9,87.8,31.1834298,23.598884,0
84.0,10.6,91.0,25.4353728,32.316102,1
82.2,11.2,90.7,25.5895848,29.377911400000002,0
77.9,8.7,88.4,24.539614,26.9943544,1
82.6,9.2,90.3,29.620776,28.7528745,0
83.0,10.7,89.8,25.7445649,25.0453996,0
84.5,9.3,89.8,28.1612616,26.611421800000002,0
82.6,9.5,90.0,27.26041,22.41216,0
85.5,12.2,90.60000000000001,23.9844138,25.7878404,0
88.3,12.3,90.9,28.320697900000003,21.9711663,0
83.0,8.6,89.9,28.4009048,26.794605100000002,0
80.1,9.8,89.2,27.1260264,24.1601768,0
83.8,12.3,89.9,28.277900299999995,25.9832576,0
80.8,9.8,87.8,27.0489956,26.6933072,1
81.3,11.2,88.8,26.7699144,26.780748,0
80.8,9.9,90.60000000000001,25.865277300000002,29.157707399999996,1
80.4,9.2,88.9,27.3728404,27.3855561,1
81.1,9.9,89.60000000000001,28.271578,31.7424128,1
76.6,11.8,86.9,23.0502762,28.783018,1
88.1,8.9,91.60000000000001,28.807642,24.128814000000002,0
83.4,11.0,89.9,23.747781,27.2002339,1
79.9,10.2,91.10000000000001,27.6847114,28.752071,0
85.7,10.4,89.7,28.890534399999996,23.048504700000002,0
81.1,11.8,90.0,25.965198,30.863430000000005,0
81.8,9.6,87.7,26.7562304,25.9998051,1
83.8,11.3,92.4,22.6076786,30.739909200000003,0
79.5,10.1,90.10000000000001,27.1234593,30.5460624,0
81.9,9.4,88.9,26.4839202,22.9514019,0
82.0,9.6,90.3,26.469572,31.0874004,1
85.5,9.3,91.5,26.4025886,26.3341575,0
84.8,8.4,89.60000000000001,28.7534232,25.841984,1
84.8,9.0,89.3,26.301184,23.555554,1
84.2,9.0,91.3,27.643980000000003,26.8889456,0
86.7,9.3,90.5,30.152217299999997,22.9009345,0
83.4,9.8,89.4,26.5649824,24.475932,0
83.2,8.3,89.8,28.7513429,25.593,1
87.6,10.6,91.7,28.5643728,27.7000941,0
82.5,10.0,90.3,27.66951,28.1471421,0
80.8,11.2,89.0,24.918168,26.884497,1
81.5,10.5,91.3,25.441986,29.928596500000005,0
83.4,10.3,90.5,26.6802783,22.9340575,0
87.2,9.0,90.4,26.401102,30.636740800000002,1
83.9,8.9,88.4,26.2190355,25.8516076,1
86.7,9.4,91.5,26.528133,21.681016500000002,0
85.9,10.0,90.5,23.25735,26.0242705,1
85.4,9.5,90.0,22.9009345,25.23294,1
86.7,10.3,90.7,25.7285613,23.0510422,0
86.4,10.5,91.5,23.750257,24.5711355,0
84.6,9.9,91.0,24.5027851,23.981867,0
84.3,9.7,92.7,23.9184834,28.940476500000003,0
84.5,10.3,90.3,24.9081651,23.511049800000002,0
84.5,8.0,90.2,26.93806,22.4290418,0
86.6,8.5,89.9,25.352179500000002,25.785927100000002,1
85.2,9.2,90.3,24.1063104,24.9535923,1
79.7,8.9,89.2,25.308035500000003,25.6939708,1
82.4,7.2,88.7,23.765894399999997,25.7121786,1
89.2,9.8,91.2,24.4749582,25.4914944,0
84.8,8.4,90.9,25.446938,24.2880255,1
86.4,9.9,90.7,27.8101759,23.4271751,0
86.7,11.6,89.7,23.7494556,21.6482877,0
84.0,9.6,88.9,25.0253416,24.6751729,1
87.0,10.1,91.5,25.1061932,27.003663,0
83.7,9.1,90.3,26.061666300000002,25.4711919,0
82.2,10.7,89.0,22.7823946,26.906213,1
81.8,9.4,89.5,24.130494600000002,27.199229,1
88.0,11.0,91.10000000000001,23.878077,20.775263900000002,0
84.2,10.3,90.9,24.0658821,27.5027949,0
85.2,9.7,89.3,23.8854336,21.9982513,0
85.5,9.7,90.3,28.2462915,22.310691900000002,0
83.5,9.0,89.5,23.937459,25.441986,1
85.7,10.4,90.8,22.7824128,27.4171508,1
84.1,9.4,89.60000000000001,27.0805212,20.5096192,0
81.5,11.6,89.4,22.5204304,23.2112796,0
89.2,9.5,91.9,24.964787,24.9474497,0
86.2,9.6,92.9,23.702428,27.8813338,0
87.2,8.1,90.5,25.4293733,24.357713,1
86.1,9.5,91.3,27.624582,23.0254035,0
80.3,11.6,90.2,24.9891772,25.9490066,0
85.3,9.8,91.60000000000001,23.562044,26.7985876,0
81.9,9.1,90.3,25.5738969,25.9337085,1
82.4,8.4,88.9,23.793649600000002,28.5456122,1
84.4,8.4,89.8,26.5528248,23.4684218,1
80.2,9.4,89.7,23.699601,26.2974387,1
87.3,9.3,90.9,29.0018692,24.5540898,0
79.0,8.6,90.4,24.733754,29.8650864,1
87.9,9.6,88.8,27.2192592,20.229084,0
79.8,9.0,90.3,26.012714000000003,26.594433600000002,1
83.7,10.4,91.0,25.1207936,25.302459000000002,0
82.1,9.6,89.8,26.414428,24.3446004,0
82.9,9.9,89.3,21.3712695,26.2672378,1
84.5,9.2,92.10000000000001,25.8115344,29.1574785,0
86.5,10.4,91.5,24.7601536,21.926511,0
85.8,8.2,91.0,25.9390998,27.255592,1
85.0,9.1,91.4,23.7558969,24.711452400000002,0
87.5,9.2,90.3,30.085762799999998,23.136666,0
80.0,9.0,90.0,23.826439,30.095100000000002,1
83.2,9.0,89.9,26.811694,26.8165407,1
86.7,9.5,90.8,27.536254,21.4708404,0
82.5,11.3,90.0,23.116107,25.858530000000002,0
79.5,8.3,89.1,28.1362193,24.7089447,1
85.0,9.6,90.8,24.5623128,24.4495344,0
86.8,9.2,91.4,23.6412328,25.2353572,1
87.5,9.4,89.8,28.5500532,22.6032886,0
82.4,11.4,90.7,23.3493782,26.3915232,0
84.2,10.0,89.9,23.71833,23.4727102,1
85.5,11.1,91.4,23.8295561,27.0967182,0
80.7,9.8,87.6,22.923969200000002,26.6431896,1
86.2,10.0,91.5,24.90363,25.329853500000002,0
83.7,11.5,89.8,22.7293665,26.2500666,1
85.8,10.6,90.3,28.5643728,23.8854336,0
85.1,9.0,90.4,24.581102,27.5499424,1
87.8,10.1,90.9,26.8055729,20.108898,0
79.7,8.5,89.2,27.539304,25.9006472,1
84.5,10.6,91.2,23.8545126,25.391448,0
85.4,9.8,90.9,25.4099714,25.6958847,0
80.4,10.4,89.7,23.8969472,25.0722264,1
79.0,9.2,90.0,26.0440732,24.79392,1
89.2,10.1,91.60000000000001,23.0122424,24.385752,0
82.3,10.1,90.0,26.5424356,25.13412,0
83.6,10.0,90.9,24.67314,26.128205100000002,0
84.7,11.4,90.4,27.9846644,22.3133416,0
82.2,8.2,88.7,25.2673992,25.723,1
78.5,10.7,88.7,25.5376568,27.853928800000002,1
82.5,9.8,90.3,26.971964800000002,23.6101089,0
80.7,11.7,89.3,25.7792733,26.1039081,0
82.8,9.6,88.6,26.0065432,23.673477000000002,1
88.0,9.9,91.60000000000001,24.217078,24.519762800000002,0
82.2,9.6,89.9,23.6803704,25.1829678,1
86.4,11.1,90.8,26.8434439,24.748538800000002,0
85.0,10.2,90.8,24.9249778,24.8482372,0
87.2,9.6,89.8,24.4410864,24.1583552,0
83.9,9.2,90.4,24.0287672,28.211399200000002,1
82.9,10.0,89.0,22.1049,27.752781,1
84.1,9.9,90.7,25.7993241,25.141586500000003,0
83.9,9.7,88.8,23.7863745,23.7160824,1
85.7,9.5,90.9,29.246975500000005,24.6206286,0
85.2,8.5,91.5,24.347967,26.189130000000002,1
85.3,10.0,89.9,27.37314,21.1923068,0
79.9,8.8,89.4,24.801931200000002,24.247068,1
82.8,11.3,90.7,25.9068751,22.7745886,0
83.8,11.3,89.60000000000001,23.202589500000002,23.3725184,0
80.9,9.8,88.8,26.773975800000002,22.979664,0
81.8,8.9,89.9,23.5859722,26.4985644,1
86.2,11.5,90.8,22.664673,22.622456800000002,0
81.2,11.0,89.4,24.833136,23.549301,0
86.2,9.6,91.10000000000001,24.992255200000002,24.0970432,0
80.7,9.1,90.60000000000001,23.0796918,27.345707400000002,1
84.7,8.3,90.9,22.589469700000002,25.5738969,1
83.8,8.4,90.2,27.3124636,20.899971400000002,0
85.8,10.3,90.4,25.3676085,25.1907736,0
79.9,9.5,90.10000000000001,26.399483500000002,28.7660468,1
86.3,9.6,91.0,26.921572,23.737714,0
83.8,8.9,89.60000000000001,24.6081142,26.1588096,1
87.1,9.1,90.2,28.777576500000002,22.6270308,0
86.5,9.3,90.60000000000001,25.3849346,23.4234522,1
86.3,9.9,92.0,22.9864922,29.137044000000003,0
84.4,9.8,90.2,27.1590396,23.3859736,0
84.5,10.6,89.9,25.5008136,22.4091932,0
83.7,9.2,90.2,25.988776,24.354,0
80.7,8.2,90.60000000000001,24.6852036,29.4560532,1
85.3,8.2,91.3,24.394197600000002,28.0914579,1
82.2,9.9,89.8,25.1950234,25.8120222,1
81.5,9.5,90.0,25.0640655,22.79637,0
86.0,9.9,91.3,27.8870312,24.0386509,0
85.9,9.7,90.10000000000001,22.233666,25.4257695,1
85.2,9.5,89.8,26.267082000000002,20.2269112,0
81.5,9.1,90.2,24.465371400000002,24.662033,1
87.0,9.4,92.2,24.8818404,24.4779936,0
85.6,9.1,91.4,25.0085898,23.630281800000002,1
85.0,10.9,89.9,25.2740169,22.7929763,0
86.1,8.2,91.2,23.979996,25.0577472,1
81.5,9.2,90.0,25.8558448,23.432940000000002,1
86.6,10.1,90.7,23.1327983,22.6860654,0
85.8,11.1,91.5,24.154752300000002,26.055174,0
83.0,8.0,89.7,22.955104000000002,27.008490600000002,1
82.9,10.0,89.60000000000001,21.44637,25.0989312,1
87.9,8.3,91.4,29.0867815,21.545904800000002,0
83.5,9.2,90.0,26.874620800000002,25.44147,0
81.2,8.5,90.5,27.505815000000002,26.774787,1
85.2,8.3,91.8,28.371063,22.602996,0
83.5,9.1,89.9,23.0465133,27.7922254,1
82.7,9.3,89.8,29.1566941,25.4287558,0
85.4,8.1,90.5,26.2811944,25.351041000000002,1
81.7,9.7,91.3,23.3348745,29.817210499999998,1
84.9,10.8,91.0,26.564206,22.561357,0
86.8,11.0,91.4,23.367929,27.007603200000002,0
81.9,7.1,89.7,27.348831,25.509783000000002,1
81.5,7.9,91.3,25.0354509,30.340542099999997,1
82.6,9.1,90.9,26.5494357,25.4741796,0
81.2,10.1,91.0,24.3717102,27.233388,0
84.8,9.1,90.4,25.263564300000002,25.8522304,1
85.4,11.0,91.4,26.493787,26.3165278,0
82.7,7.9,90.9,26.012631900000002,24.9642306,1
81.8,11.0,89.2,24.97429,22.2673528,0
83.3,7.9,89.7,26.2934448,24.3065472,1
82.5,10.5,91.60000000000001,26.042352,25.949638800000002,0
82.6,10.1,89.8,25.139096600000002,24.6183108,0
84.1,11.1,90.5,25.889458,24.114901500000002,0
87.4,9.0,91.9,24.925082,26.6397882,0
85.5,9.9,91.8,27.0959532,23.207499000000002,0
83.3,8.9,89.7,25.2413503,23.4204906,1
81.0,9.3,90.0,25.473457800000002,26.25363,1
85.3,9.9,90.0,23.546824100000002,28.986569999999997,1
86.0,9.5,92.4,23.022295,26.311454400000002,0
85.3,8.8,91.8,27.059678400000003,22.4014032,0
85.5,10.1,90.60000000000001,25.6653712,24.7935054,0
79.4,8.5,89.60000000000001,26.959011,26.180672,1
83.3,9.5,91.10000000000001,26.609172,23.2416142,0
77.2,9.4,88.9,22.4179734,29.488752299999998,1
83.6,8.4,91.8,27.926824800000002,25.524898200000003,0
84.8,9.6,90.60000000000001,25.367144,25.8541596,1
82.5,9.2,91.8,25.136073200000002,26.2413972,0
83.6,10.8,90.7,26.3357648,22.564346,0
83.4,10.7,90.60000000000001,24.5357108,23.9426808,0
81.6,7.2,90.3,27.0930528,23.6762085,1
86.4,8.3,92.2,25.4187815,31.7977516,1
84.9,10.0,90.8,27.0,23.0875344,0
81.3,9.6,90.2,21.4534568,28.4460132,1
83.5,7.8,89.7,26.996621,27.5772783,1
86.8,10.3,91.2,27.172551900000002,23.923310400000002,0
81.8,9.7,90.7,24.5241255,25.8273692,0
84.5,8.6,90.60000000000001,24.778357200000002,23.2355478,0
84.7,8.9,91.60000000000001,24.974700600000002,23.3468248,0
83.8,9.8,91.5,26.5209648,25.9436355,0
81.1,9.5,90.4,25.737295,23.9780576,1
86.0,9.9,91.10000000000001,26.139992200000002,24.252642,0
84.7,7.5,91.3,27.501822500000003,27.2007351,1
85.8,8.8,90.8,24.423816000000002,21.0611508,0
80.7,8.7,90.2,26.1540719,24.342995600000002,1
85.3,9.5,92.30000000000001,25.384164000000002,26.710697,0
85.2,7.8,90.9,25.6361178,29.0769102,1
84.5,9.5,92.30000000000001,21.8744835,26.823303000000003,1
81.9,9.7,90.60000000000001,26.3741919,26.550239400000002,0
79.2,8.9,89.2,27.5633071,27.7281768,1
83.7,10.2,91.10000000000001,26.8086226,26.1968071,0
79.1,10.3,89.3,27.916434,25.8316324,0
78.8,10.6,88.6,25.0429068,29.421667799999998,1
83.7,9.1,90.2,27.835398,28.963039600000002,1
86.6,11.0,90.60000000000001,27.242722,27.644053200000002,0
81.1,9.8,90.3,27.170044,27.6075996,0
84.7,11.1,91.3,30.475364500000005,26.0984702,0
80.0,10.9,89.5,25.2414063,27.384852000000002,1
81.8,11.2,89.7,27.6470808,27.3147264,0
82.3,8.7,91.2,30.329403499999998,31.730942400000004,1
81.5,9.5,88.7,28.628860500000002,24.446607,0
78.9,9.4,89.60000000000001,27.0142926,31.469312000000002,1
83.9,8.4,88.5,27.7034124,26.085906,1
85.5,10.8,90.60000000000001,30.4150592,24.086372400000002,0
84.6,10.6,91.60000000000001,25.9478136,29.736474400000002,0
82.2,8.3,88.7,26.1121252,27.1508926,1
84.2,9.4,91.5,25.4011596,25.229478,0
84.6,11.4,89.60000000000001,26.6232368,26.3882752,0
84.1,10.2,88.4,26.742889,22.5851392,0
81.8,10.7,89.8,25.679197300000002,27.0057336,1
83.5,9.7,90.9,28.4665332,26.9484867,0
83.7,10.8,89.7,25.4111176,22.9610472,0
78.7,10.2,89.1,26.2171998,26.7191298,1
80.7,10.7,89.2,27.0404865,23.7141768,0
81.8,9.6,90.0,24.804856,30.31461,1
87.4,10.3,91.4,24.0002217,27.42,1
85.2,8.8,91.7,26.181057600000003,26.078563000000003,0
81.8,9.8,91.2,27.0489956,29.7178848,0
83.8,9.0,90.9,28.698306000000002,25.8177816,0
84.5,9.0,88.9,26.201357,28.9792664,1
82.1,11.3,90.5,25.5932319,27.9225985,0
81.7,8.9,89.60000000000001,26.330086400000003,30.0269312,1
81.3,12.3,90.60000000000001,25.8501012,28.086000000000002,0
83.5,9.9,90.7,26.6564454,29.6987173,1
84.5,10.8,91.3,28.837735600000002,27.6015421,0
78.5,9.5,88.8,29.589065499999997,25.2321648,1
84.6,9.4,89.4,28.2738138,25.468093200000002,1
82.4,9.0,89.60000000000001,30.296357000000004,26.2462592,1
78.4,10.0,88.4,26.53902,24.0836076,0
80.2,10.2,89.9,25.1330444,29.974008500000004,1
82.6,8.9,89.60000000000001,24.4526065,26.3118464,1
84.6,9.1,90.5,30.717564300000003,22.2938605,0
85.8,11.8,91.9,24.3195624,28.701932300000003,0
80.0,9.4,89.5,24.329452200000002,25.856729,1
80.4,11.4,91.2,24.224569,27.8271264,0
80.2,10.3,89.60000000000001,28.4742783,25.984,1
84.5,8.8,90.0,24.3904368,26.76951,1
86.9,9.0,91.8,26.689663,26.845900200000003,0
85.1,9.8,91.2,28.4019956,25.002115200000002,0
84.3,9.5,90.7,25.34,23.0399768,0
77.9,8.8,88.6,28.272000000000002,26.3639046,1
83.3,10.9,90.8,25.4913318,23.7962284,0
81.2,8.6,89.60000000000001,25.335623000000002,25.6234496,1
86.0,9.3,92.2,26.8891941,26.546869400000002,0
82.8,8.4,91.4,26.3852884,25.1573016,0
81.9,7.8,90.4,27.3788822,27.428716,1
84.5,7.9,91.10000000000001,28.966555200000002,23.597086400000002,0
83.2,10.4,91.3,25.7763968,29.0490123,0
81.0,10.6,91.60000000000001,24.7376058,28.1837628,0
78.6,8.8,91.4,26.0142528,27.8435476,0
83.2,10.1,90.0,27.167330500000002,25.52931,1
82.5,10.8,91.7,25.922412,28.9526244,0
81.0,10.4,90.10000000000001,27.0001536,26.9860312,0
78.1,9.0,89.3,28.21,26.1692757,1
78.9,9.4,89.60000000000001,29.4892128,25.874688,1
82.3,8.3,92.0,28.5053118,30.887344000000002,1
82.0,9.4,88.5,26.008813800000002,24.9526635,1
80.5,9.4,90.0,28.0417872,24.79392,0
82.1,10.2,90.2,25.1659112,25.806039600000002,1
84.0,8.9,90.7,31.3294722,21.3476962,0
85.4,9.4,90.8,26.7933192,27.0185388,0
84.4,9.4,89.7,23.6554788,24.6018396,1
81.5,9.8,90.4,25.475997800000002,25.7419424,0
81.4,9.5,90.3,25.9249015,24.6342915,0
84.7,10.2,90.4,23.6108446,28.365712000000002,1
82.6,9.2,91.3,24.936767200000002,26.3545667,1
83.1,8.8,92.0,24.924321600000003,25.804896,0
85.6,10.8,90.5,23.7902644,23.585205000000002,0
78.0,9.6,90.0,25.896255200000002,28.81098,1
85.8,8.9,90.60000000000001,26.9745278,21.887601,0
83.3,8.0,90.7,26.713672000000003,24.8761076,1
85.2,9.9,91.5,24.3709688,27.550467,0
79.9,8.8,91.4,30.006988800000002,26.9183968,0
79.8,8.3,90.0,26.525875600000003,30.193920000000002,1
87.8,7.5,91.3,29.983505,27.0893491,0
83.0,10.7,91.3,26.5830919,29.7059158,0
82.7,10.8,90.60000000000001,25.9006472,27.445186200000002,0
82.3,10.9,92.5,26.9690553,28.4832475,0
81.8,9.7,91.10000000000001,27.5855664,28.607586400000002,1
82.4,9.8,90.8,27.0710044,28.7902284,0
81.5,8.9,90.10000000000001,26.7189923,25.6785,1
74.7,9.4,88.5,28.7599734,26.7766485,1
80.4,8.8,90.9,29.751264000000003,26.8155,0
82.6,9.6,92.2,26.5907984,31.966385399999997,1
78.0,8.9,90.0,25.9746142,29.6451,1
80.6,9.8,90.10000000000001,30.2280044,26.5685078,0
80.6,9.7,91.10000000000001,29.545708499999996,26.0412994,0
78.3,9.7,89.4,32.6511255,24.7921398,0
82.5,8.7,90.5,26.4435842,26.609172,1
83.8,10.0,90.3,24.92559,25.7795664,0
83.4,9.5,89.9,29.169688499999996,26.7617017,0
79.9,8.1,89.4,26.4380677,25.9041864,1
77.5,9.9,90.9,25.3049454,29.575769400000002,1
81.4,10.4,91.10000000000001,25.5141376,26.5745077,0
79.7,9.6,90.60000000000001,27.3515144,27.6108936,0
78.6,9.5,89.1,26.156672,25.0349616,1
82.9,8.5,90.2,26.590815000000003,25.311022,1
83.3,9.2,91.10000000000001,30.118995599999998,24.752507700000002,0
82.1,9.3,90.2,26.2144768,25.0910242,0
87.6,9.5,92.2,24.909582,28.3121306,1
82.8,8.8,91.60000000000001,27.3488736,24.720824800000003,0
76.3,8.6,90.10000000000001,27.7877936,28.777039000000002,1
84.3,9.0,91.3,26.911612,27.278614,1
83.0,9.0,90.5,28.731612000000002,25.891869,0
84.1,9.3,90.0,29.731913500000005,25.792650000000002,0
86.4,7.5,92.2,29.3179675,27.4913662,0
86.6,8.9,92.2,28.752071,28.930516,0
83.0,9.0,91.7,26.034918,29.455874,0
84.3,9.0,90.0,27.033643,25.682940000000002,0
74.7,7.9,89.2,29.999917200000002,26.5424412,1
80.6,9.4,90.2,26.5391862,28.3139604,1
79.4,8.7,91.60000000000001,25.9536684,31.278010799999997,1
80.1,9.0,90.2,26.267969,28.3249648,1
78.8,11.6,91.0,29.031886000000004,28.132286,0
85.3,9.4,90.10000000000001,30.914532,22.612937600000002,0
83.9,8.1,91.4,30.674382,26.8960952,0
77.1,8.7,90.8,27.924470200000002,26.531306,0
86.8,8.9,91.2,27.1633781,27.504552,1
82.3,8.6,91.4,26.193869,26.4390952,1
80.2,10.4,91.3,24.9896192,29.271693000000003,0
78.0,8.9,89.8,25.7857639,29.743556,1
81.6,10.6,91.0,27.6267456,26.845000000000002,0
79.3,9.4,91.10000000000001,27.3125478,30.407358000000002,1
77.4,9.1,90.5,27.979474500000002,28.2426065,1
80.3,9.7,90.7,26.308092300000002,24.997827,0
85.0,9.9,91.9,28.5902617,28.8140503,0
81.7,9.2,90.10000000000001,25.8890776,27.6233085,1
82.7,9.4,90.10000000000001,25.0364946,26.5355312,1
83.4,7.3,90.4,26.4986658,23.7244856,1
83.2,9.3,90.2,26.6348713,28.8199824,1
83.7,9.1,91.9,27.192371400000003,27.0095938,0
82.8,9.8,91.3,28.6550066,27.5124333,0
86.1,8.8,91.7,28.7168736,26.3022193,0
82.6,9.1,93.0,29.886102,30.417789,0
83.0,8.9,90.9,29.885263900000005,27.8685765,0
84.4,8.2,91.9,29.1297006,28.4441528,0
83.7,8.0,90.4,26.713672000000003,28.211399200000002,1
77.5,9.0,90.4,26.190255,28.0019424,1
81.2,9.2,91.4,27.871150800000002,30.3737738,1
84.6,7.7,91.5,28.061415200000003,29.1126465,1
83.8,9.3,90.10000000000001,28.8138481,25.865277300000002,0
85.6,8.5,92.0,28.6328205,26.646328,0
79.2,9.6,90.7,29.071284,26.0375211,0
82.3,9.3,90.60000000000001,30.495154,27.776601,0
84.9,9.0,92.4,26.212459000000003,28.283455200000002,0
81.7,9.5,90.0,27.315524500000002,24.95853,1
81.2,9.6,90.2,27.572,25.7180044,1
76.1,9.2,89.0,26.5091508,28.317219,1
77.0,8.7,90.0,24.3614877,28.50363,1
85.6,9.8,92.7,28.864,27.923094000000003,0
81.3,10.1,91.2,25.5885966,29.450942400000006,0
80.1,9.8,91.0,24.9589714,27.788306000000002,1
85.5,8.8,91.4,26.281195200000003,25.5027936,0
79.6,8.6,91.2,31.566452400000003,26.3478624,0
80.2,8.4,89.8,27.993876,26.797667,1
82.8,9.5,91.3,23.7065655,29.2271386,1
89.6,9.6,90.7,24.8379424,24.3231097,0
80.5,8.1,89.8,27.0095938,27.0386004,1
86.2,9.5,92.0,25.803541,25.591732,0
81.8,9.8,90.3,29.050984599999996,25.6473672,0
87.8,9.8,90.3,30.5689604,24.7443672,0
83.5,9.8,91.8,29.183037400000003,27.3272994,0
81.7,8.8,91.3,26.659310400000003,28.6259281,1
88.6,8.8,91.2,26.0253792,27.048552,1
81.6,9.4,91.0,28.4395212,29.153306,0
77.3,9.8,89.8,25.5420242,27.6847114,1
80.6,8.5,91.10000000000001,27.862848,29.474220700000004,1
79.5,8.1,91.4,27.267373300000003,27.9216032,0
79.2,10.4,88.9,24.334016000000002,27.1145,1
81.6,9.5,90.9,25.328959,27.4362561,0
78.1,9.3,90.10000000000001,28.570500000000003,25.744453200000002,0
81.8,9.1,91.0,29.2431663,24.547796,0
83.6,10.3,91.9,24.7331604,28.276067700000002,0
85.8,8.2,92.9,28.1221038,24.811081700000003,0
84.3,8.8,91.4,25.1133792,28.1779802,1
83.0,7.7,91.0,29.0745,26.922714,1
82.4,9.5,90.8,24.1259425,27.882228400000002,1
86.0,9.3,92.4,28.570500000000003,28.463727600000002,0
82.0,8.8,90.5,25.480368000000002,26.1236395,1
82.8,8.8,91.4,25.7473104,28.1668294,1
87.0,7.5,92.4,28.302780000000002,25.3310904,0
76.9,7.9,91.2,31.145549100000004,26.047632,0
76.6,8.1,89.9,27.5027292,27.814161000000002,1
82.1,7.6,91.60000000000001,24.4972728,28.7199892,1
80.1,8.9,90.2,27.452165100000002,27.170044,1
81.1,8.1,89.0,26.076625,20.58125,1
80.3,9.1,89.9,28.122187500000003,25.3218633,0
81.1,8.5,92.0,28.269657000000002,25.9325,0
85.9,9.5,89.9,26.2827385,25.6776875,1
79.6,11.3,91.5,26.5730121,26.744718,0
87.1,8.2,92.30000000000001,29.777625,26.401676600000002,0
79.2,8.8,91.3,25.440969600000003,30.547427900000002,1
79.8,9.9,90.4,27.555553300000003,24.3515,0
88.0,7.0,93.30000000000001,30.825594,29.195156100000002,0
87.9,11.5,91.7,23.3049705,29.592323600000004,0
77.6,8.2,89.7,29.548125000000002,28.890845100000003,1
74.2,7.8,88.7,26.8916974,27.7926371,1
80.7,11.1,89.9,24.5030625,27.1760508,1
77.9,10.8,91.60000000000001,25.087500000000002,29.59825,0
87.2,10.0,92.30000000000001,28.0125,24.190260900000002,0
81.7,8.4,91.7,27.6135528,25.2557389,0
75.5,8.8,90.0,23.6360304,25.03125,1
84.7,9.3,90.2,25.244803100000002,21.817125,0
81.5,9.9,88.9,24.2706875,26.1514463,1
80.3,8.1,90.10000000000001,27.0913848,28.3064467,1
83.4,9.6,91.7,24.200803200000003,30.031750000000002,1
84.0,9.0,91.7,25.59375,26.5356875,0
81.5,9.9,91.4,25.284312500000002,25.515863799999998,0
81.0,10.2,90.5,23.5911784,28.073824000000002,1
83.2,9.2,90.5,27.069750000000003,22.5872615,0
85.0,7.6,91.9,29.3755308,26.612677700000003,0
82.6,9.0,92.0,24.323572,27.523364,1
80.7,8.5,90.4,26.3444055,24.4645,0
79.7,9.1,90.10000000000001,26.3041875,26.729696699999998,1
86.4,9.0,90.7,24.403561,23.1063692,1
78.1,8.5,89.4,28.309185,26.8636272,1
85.3,7.9,92.10000000000001,30.5389785,27.090846600000003,0
84.8,9.4,90.9,27.5115054,27.8021286,0
85.0,9.9,91.4,26.964046800000002,26.2942262,0
83.7,9.9,92.80000000000001,28.7111759,26.9912512,0
81.4,7.0,91.4,24.452211,31.388131000000005,1
85.1,9.0,92.10000000000001,25.857286000000002,28.539763800000003,0
80.9,8.5,90.9,30.038809500000003,31.5822051,1
78.4,9.7,91.4,25.2179004,32.825944400000004,1
81.7,8.0,91.10000000000001,28.733164000000002,28.185429000000003,1
76.0,7.7,89.7,27.5886546,27.9054906,1
80.7,9.5,91.3,26.9955165,26.6885421,0
82.0,9.3,91.7,26.6790422,30.753062200000002,1
81.5,9.6,90.5,29.9312592,24.600524500000002,0
83.0,8.8,90.8,27.315494400000002,26.586694,0
80.2,9.0,90.2,26.434408,26.0699648,1
85.7,10.0,91.3,26.36343,24.083114000000002,0
81.7,9.2,89.9,24.349926800000002,25.7092424,1
80.7,10.1,91.9,26.5314678,30.0131615,0
82.1,9.0,90.10000000000001,24.503388,29.623078,1
83.2,7.6,90.7,28.475000400000003,25.738846000000002,1
82.2,10.2,91.4,28.1337114,26.2273214,0
81.4,8.9,91.10000000000001,28.8520077,27.6854722,0
83.1,7.6,92.2,29.2411812,24.163130600000002,0
84.9,8.4,91.5,31.847762800000005,25.4526465,0
82.1,9.3,91.5,26.8891941,28.1641575,0
78.8,9.1,91.3,24.1661286,25.307903500000002,0
83.2,8.7,90.7,28.013487700000002,27.3426941,1
80.6,8.8,91.7,22.3328736,28.158594100000002,1
78.0,8.8,90.3,30.818942400000005,25.5593247,0
84.3,9.6,92.30000000000001,28.4649712,27.2172394,0
77.1,8.8,91.0,26.837241600000002,27.533051,1
84.8,8.4,91.5,28.9768356,26.7916575,0
82.0,8.2,91.8,28.5027984,27.4168962,1
75.1,7.7,90.8,22.3320773,32.3336984,1
83.7,9.2,92.60000000000001,25.8447672,27.892972,0
82.9,9.1,92.10000000000001,28.1457306,29.595506099999998,0
80.5,8.6,90.60000000000001,26.7177738,30.362053200000002,1
84.7,7.3,90.2,28.5335235,24.5960066,1
80.0,7.9,91.2,28.258950900000002,26.959632,1
83.7,10.7,91.0,26.4415514,25.380082,0
81.2,9.8,91.60000000000001,26.609,26.452248,0
83.4,7.9,92.5,31.190493900000003,27.9417525,0
80.9,9.5,90.9,26.80791,25.7402439,0
80.8,8.6,91.3,29.136492,25.7978193,0
83.7,9.4,91.2,28.0086276,24.8353104,0
80.7,10.5,91.10000000000001,24.579743,26.5633935,0
84.7,9.1,91.8,25.341102,30.439503,1
76.7,8.3,88.8,26.067375600000002,26.6833344,1
85.7,9.6,91.0,27.042798400000002,27.144663,0
81.0,9.3,90.7,27.1878692,26.181371300000002,0
80.7,10.0,89.5,28.075590000000002,26.784486,1
80.9,8.6,91.10000000000001,28.2670952,24.597,1
78.5,8.6,90.7,28.880206400000002,26.9445211,1
80.2,9.6,91.0,26.0837448,30.42949,1
86.3,9.0,91.3,27.988051000000002,25.218886,0
81.8,9.1,91.3,27.0372051,26.1652105,0
76.7,6.9,90.2,27.169279900000003,29.941980199999996,1
83.0,9.1,91.4,22.203961200000002,26.1827182,1
84.5,9.4,91.5,26.649627600000002,27.840522,0
78.2,10.0,91.4,25.639020000000002,27.7989444,0
80.5,8.3,91.7,28.4046252,28.169781500000003,0
84.4,8.9,91.8,30.2407361,27.271301400000002,0
82.2,9.0,90.8,29.075592,27.5722372,1
82.6,8.2,91.4,27.069800400000002,27.988508,1
81.9,8.6,90.3,27.9104524,26.5174077,1
75.8,9.9,91.0,25.5466837,29.830255000000005,1
81.6,7.6,90.4,28.3397268,27.5940576,1
84.3,8.0,90.2,27.498984,24.8710264,1
79.5,9.8,91.7,25.9380022,27.0515,0
84.0,9.3,91.60000000000001,26.568478900000002,26.4299892,0
85.2,9.9,91.8,27.5794298,26.107002,0
80.3,9.4,91.8,27.5998404,28.2788982,0
81.5,8.6,91.0,27.107869,27.066949,0
81.2,8.9,90.5,27.8521852,24.7440575,0
85.1,8.9,91.9,27.4855077,27.334644100000002,0
75.5,9.5,89.2,26.465729500000002,25.8571176,1
80.2,9.0,90.9,26.057031000000002,29.365154100000005,1
81.1,8.3,90.5,26.682499200000002,28.121246,1
81.1,8.0,91.0,25.928268000000003,29.608306000000002,1
87.2,8.7,91.7,27.646096500000002,25.2510622,0
82.3,10.1,90.4,28.768,26.138798400000002,0
81.4,8.5,91.5,29.291163,25.151337,0
80.5,9.5,90.8,27.49209,24.859224,0
81.0,8.9,90.3,26.5190278,28.081132800000002,1
77.9,9.0,91.3,26.345592,26.131886,0
78.4,8.7,90.3,27.0226088,26.682566400000002,1
77.3,9.2,90.4,25.080776,27.990913600000003,1
79.6,7.9,90.60000000000001,25.597076700000002,28.4175054,1
81.9,9.6,90.9,27.3404856,28.9992816,1
79.8,10.4,91.2,26.6396032,27.415632000000002,0
79.8,8.2,90.10000000000001,28.9393992,25.645523400000002,1
79.8,10.1,91.4,30.0945644,29.7719048,0
85.7,8.5,90.5,30.362353499999998,24.2142705,0
77.6,8.0,91.8,27.947760000000002,31.491898200000005,1
81.1,9.1,91.8,27.258910200000003,27.192996,0
79.7,8.4,91.5,27.5135256,27.528141,0
82.5,9.6,91.2,28.850798400000002,29.729011200000002,0
84.2,8.5,90.10000000000001,27.818196,25.4917227,1
85.3,7.8,91.10000000000001,29.728875799999997,28.829779300000002,1
81.4,9.4,91.0,27.091574400000002,27.655082,1
83.8,10.5,92.2,27.231986,25.6586146,0
77.7,9.6,91.8,27.6492016,28.8162036,0
80.8,8.5,90.3,26.055174,27.6075996,1
80.9,9.3,91.10000000000001,28.282890300000002,27.4632793,0
84.8,10.0,90.7,25.573140000000002,25.738846000000002,0
81.6,9.3,90.7,26.413654,26.0375211,0
76.6,7.2,89.4,26.0632512,28.3790466,1
80.7,9.5,91.4,28.110205,26.9295476,0
76.7,7.8,90.7,25.557379,28.8138481,1
84.7,9.1,91.9,26.8820388,27.222618,0
73.9,8.9,89.3,27.8299568,26.5613027,1
84.5,7.8,90.5,28.7056402,23.3975985,1
80.7,8.9,91.2,27.252200600000002,25.2356784,0
82.5,9.7,92.2,27.9709668,27.986111400000002,0
83.0,10.4,91.60000000000001,27.612121600000002,27.535876000000002,0
77.5,10.0,90.0,26.86833,27.943920000000002,1
77.3,8.4,90.8,25.4804636,30.9716984,1
81.8,9.3,90.8,28.7474557,28.9673792,0
73.2,10.1,90.0,28.1979441,32.02686,1
81.4,9.0,90.9,28.165592,32.125423500000004,1
75.8,9.5,90.4,29.037287,26.9877448,0
80.0,9.6,90.3,31.121827200000002,28.1140923,0
83.7,9.9,91.2,29.7000234,26.6815632,0
77.9,7.7,89.60000000000001,28.7818167,29.294809599999997,1
74.1,7.7,90.3,30.245140900000006,29.182341300000004,1
76.2,8.7,89.5,28.0023491,29.600514,1
81.4,10.2,91.7,28.9111998,31.043842900000005,0
77.5,8.1,89.3,31.156305600000003,25.7772487,1
80.2,8.7,91.4,31.4205298,31.633357200000003,1
76.1,10.8,91.3,29.1531468,29.8729035,0
80.3,10.8,90.9,25.878882400000002,28.9661031,0
79.2,8.2,90.60000000000001,31.267998000000002,29.7985212,1
77.5,8.5,90.3,27.7847985,28.7749077,1
81.9,9.9,92.30000000000001,29.018777299999996,29.929936400000003,0
79.7,8.3,90.9,29.936657099999998,27.0261153,1
81.8,7.8,90.5,31.021888599999997,28.1874015,1
83.3,10.5,91.4,26.5443575,30.440678600000005,0
76.7,8.4,90.10000000000001,30.6077736,28.941922,1
78.3,8.8,90.2,27.4045056,29.050984599999996,1
83.2,9.3,92.30000000000001,27.375890300000002,30.571606000000003,0
80.8,9.0,90.9,28.409745,27.125923500000003,1
85.0,9.3,92.0,28.1391308,28.46388,0
84.8,9.1,90.9,29.9526408,27.580423500000002,0
76.2,8.5,91.2,30.808690499999997,28.550068800000002,0
81.2,10.1,91.10000000000001,27.1453949,28.5409923,0
81.8,10.3,91.7,28.9118349,29.221030300000002,0
79.6,8.4,90.5,27.368248,29.158647499999997,1
81.4,10.0,91.10000000000001,29.480490000000003,28.007692900000002,0
84.3,8.8,89.5,27.671448,28.290771,1
79.9,9.4,92.5,26.075133,28.58472,0
78.2,9.2,90.4,26.4980732,30.581687200000005,1
78.5,9.3,89.5,28.570500000000003,29.087500000000002,1
79.7,9.9,91.3,30.007714900000003,30.385096500000003,0
79.9,9.6,91.2,29.545341599999997,26.8706208,0
80.9,8.2,90.10000000000001,30.1932036,29.7110156,1
80.9,8.8,90.7,31.0970112,28.183392400000002,1
79.2,10.0,89.7,26.6598,32.062278299999996,1
79.9,10.5,90.8,29.862480500000004,30.085762799999998,0
81.6,8.6,90.60000000000001,31.454944400000002,25.8873192,0
81.3,9.8,89.1,29.7549956,27.3384639,1
85.0,12.2,91.60000000000001,28.0531536,29.4125768,0
78.9,11.0,90.4,27.047278000000002,28.4870288,0
72.7,10.0,89.8,29.29392,31.232889000000004,1
77.1,9.4,90.10000000000001,26.450760600000002,30.337300699999997,1
82.1,8.8,91.4,29.784551999999998,27.408849200000002,0
81.5,9.4,90.60000000000001,28.771026600000003,25.909425600000002,0
79.7,10.9,90.3,28.8596682,25.3500996,0
78.7,9.6,90.7,29.501226399999997,28.968673000000003,0
74.8,9.6,89.60000000000001,26.3703128,28.3988096,1
81.1,9.0,90.5,27.000337000000002,28.6619835,1
79.7,8.6,90.9,25.3133214,30.207615299999997,1
82.8,8.3,92.30000000000001,28.169781500000003,29.1645848,0
76.5,8.4,90.0,26.340587600000003,28.2951,1
80.8,10.7,88.9,29.490789200000002,25.1847477,0
85.0,9.9,90.4,28.4804298,26.6569712,0
81.7,8.2,90.4,28.7378982,26.668,1
79.2,10.6,91.10000000000001,27.8775126,30.4518148,0
85.0,8.3,91.3,28.1921563,28.1360123,1
80.9,8.7,90.5,31.331512300000004,26.4767705,0
82.3,8.7,90.10000000000001,28.0119356,29.458825700000002,1
80.7,9.4,91.10000000000001,26.8602726,28.4419666,1
77.4,10.7,90.8,27.7467602,30.8849844,1
81.8,10.5,90.3,28.0952135,25.872936600000003,1
82.1,10.0,90.4,28.7478,26.8710384,1
84.3,10.1,92.10000000000001,28.8579,27.669510900000002,1
74.6,9.5,90.0,26.5073595,28.017360000000004,1
78.7,8.6,90.0,31.179007799999997,27.98874,1
76.1,8.7,90.0,27.9557861,30.21975,1
77.7,10.3,90.10000000000001,29.4984729,28.7419,1
84.0,9.6,90.3,30.058,26.4791205,1
78.5,10.1,89.9,29.3543278,29.015584599999997,1
81.4,11.2,91.0,27.6041016,28.145026,1
82.6,10.7,89.8,28.550103,27.1222042,1
82.1,9.3,91.3,28.8555701,32.0593559,1
74.3,7.4,88.6,25.0933036,29.063280799999998,1
76.1,9.3,90.10000000000001,30.0624243,28.1660709,1
79.3,10.2,91.0,27.5597098,26.915525000000002,1
82.1,9.2,90.60000000000001,28.692800000000002,29.393267400000003,1
81.4,10.5,91.3,28.8573955,28.6030118,1
84.4,10.6,90.5,26.442285000000002,28.985521,1
80.5,10.4,90.7,27.9577984,30.193939300000004,1
77.0,8.6,90.10000000000001,27.111068,28.9588608,1
79.7,8.4,92.0,28.0508512,29.026644,1
77.4,7.6,89.9,30.690013200000003,26.7003,1
85.7,8.6,89.5,27.4330702,27.361403000000003,1
81.7,7.9,91.3,29.892989099999998,27.285644100000003,1
77.2,10.5,89.7,26.940753,27.4950234,1
77.6,9.6,91.3,28.2914032,29.768912800000003,1
82.7,8.6,91.9,28.986870200000002,29.801883400000005,1
76.6,9.1,90.0,31.366863,26.39151,1
71.0,9.0,89.1,26.194987,27.6369489,1
83.7,9.4,92.10000000000001,26.2577826,26.149860900000004,0
82.2,11.0,90.7,25.539796000000003,26.950870100000003,1
73.0,9.5,88.0,27.343941500000003,25.708584000000002,1
77.4,11.5,90.8,26.613189000000002,27.2237468,0
86.0,8.8,91.2,30.3891168,24.6891168,0
77.7,8.4,89.60000000000001,26.0405976,30.223961600000003,1
78.5,9.0,89.60000000000001,28.372526,25.263974400000002,0
79.0,9.3,89.5,26.9346348,28.751875000000002,1
78.5,10.6,90.5,27.9535026,25.178367,0
85.2,9.8,91.5,28.8962014,25.8323715,0
79.8,9.6,91.0,31.543181599999997,27.332487,0
84.2,10.6,90.8,27.0115842,25.6672532,0
84.0,11.4,90.0,26.0578802,25.90713,0
76.8,9.7,90.3,26.3643492,30.4440129,1
78.7,8.2,90.60000000000001,25.0482726,28.894967400000002,1
75.6,9.0,91.2,27.283711,28.5488832,0
77.8,10.3,90.0,25.9809771,26.83926,0
80.2,9.2,89.9,27.3859156,25.316469299999998,1
83.0,10.2,90.7,31.061191400000002,23.0475049,0
82.5,10.9,91.0,26.6345739,27.901237,0
79.8,9.1,90.0,26.4421737,30.05361,1
79.9,8.3,89.7,24.5624869,27.4225458,1
79.1,9.2,90.3,27.5480844,24.4777113,1
83.7,8.9,90.3,25.817102300000002,28.1542758,1
80.4,8.7,89.1,27.4225941,28.4960511,1
79.0,8.2,89.9,26.6384322,29.137219299999998,1
80.8,11.4,90.7,25.0769896,27.614884800000002,0
80.5,10.2,91.10000000000001,26.6353086,27.8668523,0
80.8,9.8,89.8,24.7727986,27.3569414,1
86.8,10.4,92.0,29.2639872,25.086468000000004,0
